{
  "imageFileName": "/static/datasets/tagged/batch_04_submitted/Nasrallah-Al001-010k.jpg",
  "modified": "0",
  "status": "notdone",
  "writer": "",
  "comment": "",
  "time": 28,
  "line_1": {
    "annotateTime": 0,
    "transcribeTime": 0,
    "edited": "0",
    "drawn": "0",
    "moved": "0",
    "deleted": "0",
    "copied": "0",
    "coord": [
      1550.5600000000002,
      79.28999999999999,
      1553.4966666666667,
      199.69333333333333,
      1709.1400000000003,
      205.56666666666663,
      1697.3933333333337,
      29.366666666666667,
      1571.1166666666663,
      46.98666666666666,
      1571.1166666666663,
      46.98666666666666
    ],
    "text": "11",
    "tags": {
      "Region_paragraph": 0,
      "Region_heading": 0,
      "Region_logo": 0,
      "Region_letterhead": 0,
      "Region_floating": 0,
      "Region_pageNo": 1,
      "Region_signature": 0,
      "Region_graphic": 0,
      "Region_decoration": 0,
      "Region_noise": 0,
      "Region_separator": 0,
      "Region_linedrawing": 0,
      "Region_stamp": 0,
      "Archivist_Tag": 0,
      "Crossed_out": 0,
      "Printed_Regular": 0,
      "Printed_Italics": 0,
      "Printed_Bold": 0,
      "Orient_top_bottom": 0,
      "Orient_bottom_top": 0
    }
  },
  "line_2": {
    "annotateTime": 0,
    "transcribeTime": 0,
    "edited": "0",
    "drawn": "0",
    "moved": "0",
    "deleted": "0",
    "copied": "0",
    "coord": [
      1483.0166666666667,
      170.32666666666665,
      1465.3966666666668,
      387.64,
      14.683333333333334,
      317.15999999999997,
      5.873333333333333,
      135.08666666666667,
      508.0433333333334,
      126.27666666666669,
      1485.9533333333334,
      179.13666666666666,
      1485.9533333333334,
      179.13666666666666
    ],
    "text": "\u0643\u0645\u0627 \u0627\u0646 \u0645\u0646\u0627\u0647\u062c\u0647\u0627 \u0627\u0644\u0645\u0646\u0648\u0651\u0639\u0629 \u0623\u0639\u0637\u062a",
    "tags": {
      "Region_paragraph": 0,
      "Region_heading": 0,
      "Region_logo": 0,
      "Region_letterhead": 0,
      "Region_floating": 0,
      "Region_pageNo": 0,
      "Region_signature": 0,
      "Region_graphic": 0,
      "Region_decoration": 0,
      "Region_noise": 0,
      "Region_separator": 0,
      "Region_linedrawing": 0,
      "Region_stamp": 0,
      "Archivist_Tag": 0,
      "Crossed_out": 0,
      "Printed_Regular": 0,
      "Printed_Italics": 0,
      "Printed_Bold": 0,
      "Orient_top_bottom": 0,
      "Orient_bottom_top": 0
    }
  },
  "line_3": {
    "annotateTime": 0,
    "transcribeTime": 0,
    "edited": "0",
    "drawn": "0",
    "moved": "0",
    "deleted": "0",
    "copied": "0",
    "coord": [
      1603.4200000000003,
      461.05666666666673,
      1494.7633333333333,
      610.8266666666666,
      972.0366666666667,
      584.3966666666666,
      916.24,
      628.4466666666666,
      878.0633333333333,
      581.46,
      2.9366666666666665,
      531.5366666666666,
      2.9366666666666665,
      349.4633333333333,
      1603.4200000000003,
      455.1833333333334,
      1603.4200000000003,
      455.1833333333334
    ],
    "text": "\u0641\u0631\u0635\u0629 \u0627\u0644\u062a\u0639\u0644\u0651\u0645 \u0644\u0645\u0646 \u0641\u0627\u062a\u0647\u0646 \u0627\u0644\u0642\u0637\u0627\u0631\u060c",
    "tags": {
      "Region_paragraph": 0,
      "Region_heading": 0,
      "Region_logo": 0,
      "Region_letterhead": 0,
      "Region_floating": 0,
      "Region_pageNo": 0,
      "Region_signature": 0,
      "Region_graphic": 0,
      "Region_decoration": 0,
      "Region_noise": 0,
      "Region_separator": 0,
      "Region_linedrawing": 0,
      "Region_stamp": 0,
      "Archivist_Tag": 0,
      "Crossed_out": 0,
      "Printed_Regular": 0,
      "Printed_Italics": 0,
      "Printed_Bold": 0,
      "Orient_top_bottom": 0,
      "Orient_bottom_top": 0
    }
  },
  "line_4": {
    "annotateTime": 0,
    "transcribeTime": 0,
    "edited": "0",
    "drawn": "0",
    "moved": "0",
    "deleted": "0",
    "copied": "0",
    "coord": [
      1606.3566666666663,
      610.8266666666666,
      1568.1799999999998,
      760.5966666666667,
      986.7199999999999,
      804.6466666666668,
      813.4566666666667,
      754.7233333333332,
      26.43,
      728.2933333333334,
      46.986666666666665,
      557.9666666666667,
      869.2533333333334,
      625.51,
      1336.1833333333334,
      602.0166666666668,
      1594.61,
      610.8266666666666,
      1594.61,
      610.8266666666666
    ],
    "text": "\u0641\u064a \u0627\u0644\u0635\u063a\u0631 . \u0648\u0647\u0630\u0647 \u060c \u0641\u064a ",
    "tags": {
      "Region_paragraph": 0,
      "Region_heading": 0,
      "Region_logo": 0,
      "Region_letterhead": 0,
      "Region_floating": 0,
      "Region_pageNo": 0,
      "Region_signature": 0,
      "Region_graphic": 0,
      "Region_decoration": 0,
      "Region_noise": 0,
      "Region_separator": 0,
      "Region_linedrawing": 0,
      "Region_stamp": 0,
      "Archivist_Tag": 0,
      "Crossed_out": 0,
      "Printed_Regular": 0,
      "Printed_Italics": 0,
      "Printed_Bold": 0,
      "Orient_top_bottom": 0,
      "Orient_bottom_top": 0
    }
  },
  "line_5": {
    "annotateTime": 0,
    "transcribeTime": 0,
    "edited": "0",
    "drawn": "0",
    "moved": "0",
    "deleted": "0",
    "copied": "0",
    "coord": [
      1609.2933333333333,
      784.09,
      1597.5466666666664,
      954.4166666666664,
      32.303333333333335,
      939.7333333333333,
      82.22666666666667,
      731.23,
      737.1033333333335,
      760.5966666666667,
      1095.3766666666668,
      801.71,
      1603.4200000000003,
      778.2166666666667,
      1603.4200000000003,
      778.2166666666667
    ],
    "text": "\u064a\u0642\u064a\u0646\u064a \u060c \u062e\u0637\u0648\u0629\u064c \u0633\u0628\u0651\u0627\u0642\u0629 \u0641\u064a ",
    "tags": {
      "Region_paragraph": 0,
      "Region_heading": 0,
      "Region_logo": 0,
      "Region_letterhead": 0,
      "Region_floating": 0,
      "Region_pageNo": 0,
      "Region_signature": 0,
      "Region_graphic": 0,
      "Region_decoration": 0,
      "Region_noise": 0,
      "Region_separator": 0,
      "Region_linedrawing": 0,
      "Region_stamp": 0,
      "Archivist_Tag": 0,
      "Crossed_out": 0,
      "Printed_Regular": 0,
      "Printed_Italics": 0,
      "Printed_Bold": 0,
      "Orient_top_bottom": 0,
      "Orient_bottom_top": 0
    }
  },
  "line_6": {
    "annotateTime": 0,
    "transcribeTime": 0,
    "edited": "0",
    "drawn": "0",
    "moved": "0",
    "deleted": "0",
    "copied": "0",
    "coord": [
      1676.8366666666666,
      969.0999999999998,
      1588.7366666666667,
      1177.6033333333332,
      161.51666666666668,
      1133.5533333333333,
      223.18666666666664,
      957.3533333333334,
      1101.25,
      948.5433333333333,
      1679.773333333334,
      972.0366666666664,
      1679.773333333334,
      972.0366666666664
    ],
    "text": "\u0627\u0644\u0628\u0646\u0627\u0621 \u060c \u0648\u0639\u0644\u0649 \u0623\u0643\u062b\u0631 \u0645\u0646 \u0635\u0639\u064a\u062f.",
    "tags": {
      "Region_paragraph": 0,
      "Region_heading": 0,
      "Region_logo": 0,
      "Region_letterhead": 0,
      "Region_floating": 0,
      "Region_pageNo": 0,
      "Region_signature": 0,
      "Region_graphic": 0,
      "Region_decoration": 0,
      "Region_noise": 0,
      "Region_separator": 0,
      "Region_linedrawing": 0,
      "Region_stamp": 0,
      "Archivist_Tag": 0,
      "Crossed_out": 0,
      "Printed_Regular": 0,
      "Printed_Italics": 0,
      "Printed_Bold": 0,
      "Orient_top_bottom": 0,
      "Orient_bottom_top": 0
    }
  },
  "line_7": {
    "annotateTime": 0,
    "transcribeTime": 0,
    "edited": "0",
    "drawn": "0",
    "moved": "0",
    "deleted": "0",
    "copied": "0",