{
  "imageFileName": "/static/datasets/tagged/batch_04_submitted/Nasrallah-Al001-010f.jpg",
  "modified": "0",
  "status": "notdone",
  "writer": "",
  "comment": "",
  "time": 2,
  "line_1": {
    "annotateTime": 0,
    "transcribeTime": 0,
    "edited": "0",
    "drawn": "0",
    "moved": "0",
    "deleted": "0",
    "copied": "0",
    "coord": [
      190.08,
      184.31999999999996,
      138.24,
      267.84,
      172.8,
      296.64,
      132.48,
      362.87999999999994,
      178.56,
      380.1599999999999,
      383.04,
      357.12000000000006,
      803.5199999999999,
      331.1999999999999,
      1368,
      345.6000000000001,
      1451.52,
      224.64,
      1296,
      181.43999999999997,
      1033.92,
      184.31999999999996,
      768.9600000000002,
      210.24000000000004,
      561.6,
      207.36000000000004,
      388.8000000000001,
      164.15999999999997,
      276.48,
      187.19999999999993,
      276.48,
      187.19999999999993
    ],
    "text": "\u0648\u0642\u062f \u0623\u0641\u062f\u062a \u0645\u0646 \u0628\u0631\u0627\u0645\u062c\u0647\u0627",
    "tags": {
      "Region_paragraph": 0,
      "Region_heading": 0,
      "Region_logo": 0,
      "Region_letterhead": 0,
      "Region_floating": 0,
      "Region_pageNo": 0,
      "Region_signature": 0,
      "Region_graphic": 0,
      "Region_decoration": 0,
      "Region_noise": 0,
      "Region_separator": 0,
      "Region_linedrawing": 0,
      "Region_stamp": 0,
      "Archivist_Tag": 0,
      "Crossed_out": 0,
      "Printed_Regular": 0,
      "Printed_Italics": 0,
      "Printed_Bold": 0,
      "Orient_top_bottom": 0,
      "Orient_bottom_top": 0
    }
  },
  "line_2": {
    "annotateTime": 0,
    "transcribeTime": 0,
    "edited": "0",
    "drawn": "0",
    "moved": "0",
    "deleted": "0",
    "copied": "0",
    "coord": [
      1661.76,
      152.64,
      1529.28,
      172.80000000000004,
      1500.48,
      66.23999999999998,
      1604.16,
      11.519999999999998,
      1696.3200000000004,
      46.07999999999999,
      1702.08,
      51.84000000000001,
      1702.08,
      51.84000000000001
    ],
    "text": "6",
    "tags": {
      "Region_paragraph": 0,
      "Region_heading": 0,
      "Region_logo": 0,
      "Region_letterhead": 0,
      "Region_floating": 0,
      "Region_pageNo": 1,
      "Region_signature": 0,
      "Region_graphic": 0,
      "Region_decoration": 0,
      "Region_noise": 0,
      "Region_separator": 0,
      "Region_linedrawing": 0,
      "Region_stamp": 0,
      "Archivist_Tag": 0,
      "Crossed_out": 0,
      "Printed_Regular": 0,
      "Printed_Italics": 0,
      "Printed_Bold": 0,
      "Orient_top_bottom": 0,
      "Orient_bottom_top": 0
    }
  },
  "line_3": {
    "annotateTime": 0,
    "transcribeTime": 0,
    "edited": "0",
    "drawn": "0",
    "moved": "0",
    "deleted": "0",
    "copied": "0",
    "coord": [
      1609.9200000000003,
      408.96,
      832.3200000000003,
      359.99999999999994,
      187.2,
      408.96,
      184.32,
      552.96,
      688.32,
      541.44,
      1223.9999999999998,
      576,
      1612.7999999999995,
      610.56,
      1612.7999999999995,
      610.56
    ],
    "text": "\u0627\u0644\u062a\u0631\u0628\u0648\u064a\u0629 \u0648\u0627\u0644\u0645\u0647\u0646\u064a\u0629\u060c \u0645\u0646\u062a\u0635\u0641",
    "tags": {
      "Region_paragraph": 0,
      "Region_heading": 0,
      "Region_logo": 0,
      "Region_letterhead": 0,
      "Region_floating": 0,
      "Region_pageNo": 0,
      "Region_signature": 0,
      "Region_graphic": 0,
      "Region_decoration": 0,
      "Region_noise": 0,
      "Region_separator": 0,
      "Region_linedrawing": 0,
      "Region_stamp": 0,
      "Archivist_Tag": 0,
      "Crossed_out": 0,
      "Printed_Regular": 0,
      "Printed_Italics": 0,
      "Printed_Bold": 0,
      "Orient_top_bottom": 0,
      "Orient_bottom_top": 0
    }
  },
  "line_4": {
    "annotateTime": 0,
    "transcribeTime": 0,
    "edited": "0",
    "drawn": "0",
    "moved": "0",
    "deleted": "0",
    "copied": "0",
    "coord": [
      1681.9200000000003,
      668.1600000000001,
      1319.0400000000002,
      599.0399999999998,
      256.32,
      599.0399999999998,
      77.76,
      504,
      25.920000000000012,
      599.0399999999998,
      43.2,
      740.1599999999999,
      256.32,
      743.0400000000001,
      383.04,
      809.28,
      486.71999999999997,
      766.0800000000003,
      743.0400000000001,
      774.7200000000001,
      780.4800000000001,
      838.0800000000002,
      866.88,
      780.48,
      1258.56,
      806.3999999999999,
      1316.16,
      745.92,
      1362.24,
      748.7999999999997,
      1396.7999999999995,
      806.3999999999999,
      1638.72,
      754.5600000000001,
      1638.72,
      754.5600000000001
    ],
    "text": "\u0633\u062a\u064a\u0646\u0627\u062a \u0627\u0644\u0642\u0631\u0646\u064d\u0650\u0650 \u0627\u0644\u0645\u0627\u0636\u064a\u060c \u0639\u0646\u062f\u0645\u0627",
    "tags": {
      "Region_paragraph": 0,
      "Region_heading": 0,
      "Region_logo": 0,
      "Region_letterhead": 0,
      "Region_floating": 0,
      "Region_pageNo": 0,
      "Region_signature": 0,
      "Region_graphic": 0,
      "Region_decoration": 0,
      "Region_noise": 0,
      "Region_separator": 0,
      "Region_linedrawing": 0,
      "Region_stamp": 0,
      "Archivist_Tag": 0,
      "Crossed_out": 0,
      "Printed_Regular": 0,
      "Printed_Italics": 0,
      "Printed_Bold": 0,
      "Orient_top_bottom": 0,
      "Orient_bottom_top": 0
    }
  },
  "line_5": {
    "annotateTime": 0,
    "transcribeTime": 0,
    "edited": "0",
    "drawn": "0",
    "moved": "0",
    "deleted": "0",
    "copied": "0",
    "coord": [
      1673.28,
      869.7599999999999,
      1362.24,
      766.0800000000003,
      1333.44,
      743.0400000000001,
      786.2399999999998,
      812.16,
      452.16,
      783.3600000000001,
      360,
      792,
      299.52,
      745.92,
      118.08,
      843.8399999999997,
      267.84,
      933.12,
      601.92,
      961.9200000000003,
      1641.6,
      976.3199999999998,
      1641.6,
      976.3199999999998
    ],
    "text": "\u0633\u062c\u0651\u0644\u062a\u064f \u0627\u0644\u0635\u0628\u064a\u0629 \u0627\u0644\u062a\u064a \u0643\u0627\u0646\u062a",
    "tags": {
      "Region_paragraph": 0,
      "Region_heading": 0,
      "Region_logo": 0,
      "Region_letterhead": 0,
      "Region_floating": 0,
      "Region_pageNo": 0,
      "Region_signature": 0,
      "Region_graphic": 0,
      "Region_decoration": 0,
      "Region_noise": 0,
      "Region_separator": 0,
      "Region_linedrawing": 0,
      "Region_stamp": 0,
      "Archivist_Tag": 0,
      "Crossed_out": 0,
      "Printed_Regular": 0,
      "Printed_Italics": 0,
      "Printed_Bold": 0,
      "Orient_top_bottom": 0,
      "Orient_bottom_top": 0
    }
  },
  "line_6": {
    "annotateTime": 0,
    "transcribeTime": 0,
    "edited": "0",
    "drawn": "0",
    "moved": "0",
    "deleted": "0",
    "copied": "0",
    "coord": [
      1707.84,
      1100.1600000000003,
      1630.0799999999997,
      1002.24,
      201.59999999999994,
      964.7999999999998,
      118.08,
      875.52,
      5.76,
      973.4399999999999,
      60.48,
      1146.2399999999998,
      1661.76,
      1200.96,
      1661.76,
      1200.96
    ],
    "text": "\u062a\u0633\u0627\u0639\u062f\u0646\u064a \u0641\u064a \u062a\u0631\u0628\u064a\u0629 \u0623\u0648\u0644\u0627\u062f\u064a",
    "tags": {
      "Region_paragraph": 0,
      "Region_heading": 0,
      "Region_logo": 0,
      "Region_letterhead": 0,
      "Region_floating": 0,
      "Region_pageNo": 0,
      "Region_signature": 0,
      "Region_graphic": 0,
      "Region_decoration": 0,
      "Region_noise": 0,
      "Region_separator": 0,
      "Region_linedrawing": 0,
      "Region_stamp": 0,
      "Archivist_Tag": 0,
      "Crossed_out": 0,
      "Printed_Regular": 0,