{
  "imageFileName": "/static/datasets/tagged/batch_04_submitted/Nasrallah-Al001-010i.jpg",
  "modified": "0",
  "status": "notdone",
  "writer": "",
  "comment": "",
  "time": 5,
  "line_1": {
    "annotateTime": 0,
    "transcribeTime": 0,
    "edited": "0",
    "drawn": "0",
    "moved": "0",
    "deleted": "0",
    "copied": "0",
    "coord": [
      41.230000000000004,
      67.73499999999999,
      50.06499999999999,
      194.37,
      132.525,
      285.665,
      291.555,
      256.215,
      650.845,
      285.665,
      724.47,
      323.95000000000005,
      1013.0800000000003,
      291.555,
      1425.38,
      318.06000000000006,
      1490.17,
      156.085,
      1145.605,
      147.25,
      1039.585,
      188.48000000000002,
      951.235,
      161.97500000000002,
      851.1050000000001,
      223.82000000000005,
      674.405,
      179.645,
      512.43,
      150.19500000000002,
      382.8499999999999,
      185.53500000000005,
      315.115,
      126.63500000000002,
      200.25999999999996,
      141.35999999999999,
      111.91000000000003,
      91.29499999999999,
      103.07500000000003,
      106.02000000000001
    ],
    "text": "\u062a\u0646\u0634\u0623 \u0627\u0644\u062c\u0645\u0639\u064a\u0627\u062a\u060c \u062a\u0644\u0628\u064a\u0629\u064b",
    "tags": {
      "Region_paragraph": 0,
      "Region_heading": 0,
      "Region_logo": 0,
      "Region_letterhead": 0,
      "Region_floating": 0,
      "Region_pageNo": 0,
      "Region_signature": 0,
      "Region_graphic": 0,
      "Region_decoration": 0,
      "Region_noise": 0,
      "Region_separator": 0,
      "Region_linedrawing": 0,
      "Region_stamp": 0,
      "Archivist_Tag": 0,
      "Crossed_out": 0,
      "Printed_Regular": 0,
      "Printed_Italics": 0,
      "Printed_Bold": 0,
      "Orient_top_bottom": 0,
      "Orient_bottom_top": 0
    }
  },
  "line_2": {
    "annotateTime": 1,
    "transcribeTime": 0,
    "edited": "0",
    "drawn": "0",
    "moved": "0",
    "deleted": "0",
    "copied": "0",
    "coord": [
      1581.4649999999997,
      23.560000000000002,
      1713.99,
      35.339999999999996,
      1634.475,
      206.15000000000003,
      1552.015,
      185.53500000000005,
      1552.015,
      185.53500000000005
    ],
    "text": "9",
    "tags": {
      "Region_paragraph": 0,
      "Region_heading": 0,
      "Region_logo": 0,
      "Region_letterhead": 0,
      "Region_floating": 0,
      "Region_pageNo": 1,
      "Region_signature": 0,
      "Region_graphic": 0,
      "Region_decoration": 0,
      "Region_noise": 0,
      "Region_separator": 0,
      "Region_linedrawing": 0,
      "Region_stamp": 0,
      "Archivist_Tag": 0,
      "Crossed_out": 0,
      "Printed_Regular": 0,
      "Printed_Italics": 0,
      "Printed_Bold": 0,
      "Orient_top_bottom": 0,
      "Orient_bottom_top": 0
    }
  },
  "line_3": {
    "annotateTime": 0,
    "transcribeTime": 0,
    "edited": "0",
    "drawn": "0",
    "moved": "0",
    "deleted": "0",
    "copied": "0",
    "coord": [
      0,
      253.27000000000004,
      14.724999999999996,
      491.815,
      1646.2550000000006,
      547.7699999999999,
      1655.0899999999997,
      374.01500000000004,
      603.725,
      306.28000000000003,
      515.375,
      265.05000000000007,
      138.415,
      276.83000000000004,
      138.415,
      276.83000000000004
    ],
    "text": "\u0644\u0644\u062d\u0627\u062c\u0629\u060c \u0648\u0643\u0627\u0646\u062a \u062e\u062f\u0645\u0627\u062a\u064f\u0647\u0627 \u0633\u0627\u0628\u0642\u0629\u064b",
    "tags": {
      "Region_paragraph": 0,
      "Region_heading": 0,
      "Region_logo": 0,
      "Region_letterhead": 0,
      "Region_floating": 0,
      "Region_pageNo": 0,
      "Region_signature": 0,
      "Region_graphic": 0,
      "Region_decoration": 0,
      "Region_noise": 0,
      "Region_separator": 0,
      "Region_linedrawing": 0,
      "Region_stamp": 0,
      "Archivist_Tag": 0,
      "Crossed_out": 0,
      "Printed_Regular": 0,
      "Printed_Italics": 0,
      "Printed_Bold": 0,
      "Orient_top_bottom": 0,
      "Orient_bottom_top": 0
    }
  },
  "line_4": {
    "annotateTime": 0,
    "transcribeTime": 0,
    "edited": "0",
    "drawn": "0",
    "moved": "0",
    "deleted": "0",
    "copied": "0",
    "coord": [
      577.22,
      627.2850000000001,
      597.835,
      506.5400000000001,
      1663.9249999999995,
      571.33,
      1599.135,
      753.9200000000001,
      603.725,
      653.7900000000002,
      603.725,
      653.7900000000002
    ],
    "text": "\u0644\u062e\u062f\u0645\u0627\u062a \u0627\u0644\u062f\u0648\u0644\u0629.",
    "tags": {
      "Region_paragraph": 0,
      "Region_heading": 0,
      "Region_logo": 0,
      "Region_letterhead": 0,
      "Region_floating": 0,
      "Region_pageNo": 0,
      "Region_signature": 0,
      "Region_graphic": 0,
      "Region_decoration": 0,
      "Region_noise": 0,
      "Region_separator": 0,
      "Region_linedrawing": 0,
      "Region_stamp": 0,
      "Archivist_Tag": 0,
      "Crossed_out": 0,
      "Printed_Regular": 0,
      "Printed_Italics": 0,
      "Printed_Bold": 0,
      "Orient_top_bottom": 0,
      "Orient_bottom_top": 0
    }
  },
  "line_5": {
    "annotateTime": 0,
    "transcribeTime": 0,
    "edited": "0",
    "drawn": "0",
    "moved": "0",
    "deleted": "0",
    "copied": "0",
    "coord": [
      1122.045,
      901.1700000000003,
      385.79499999999996,
      815.7650000000002,
      79.515,
      806.9299999999998,
      91.295,
      630.23,
      574.275,
      642.01,
      1160.33,
      748.0300000000001,
      1160.33,
      748.0300000000001
    ],
    "text": "\u0623\u0645\u0627 \u0647\u0630\u0647 \u0627\u0644\u062c\u0645\u0639\u064a\u0629\u060c",
    "tags": {
      "Region_paragraph": 0,
      "Region_heading": 0,
      "Region_logo": 0,
      "Region_letterhead": 0,
      "Region_floating": 0,
      "Region_pageNo": 0,
      "Region_signature": 0,
      "Region_graphic": 0,
      "Region_decoration": 0,
      "Region_noise": 0,
      "Region_separator": 0,
      "Region_linedrawing": 0,
      "Region_stamp": 0,
      "Archivist_Tag": 0,
      "Crossed_out": 0,
      "Printed_Regular": 0,
      "Printed_Italics": 0,
      "Printed_Bold": 0,
      "Orient_top_bottom": 0,
      "Orient_bottom_top": 0
    }
  },
  "line_6": {
    "annotateTime": 0,
    "transcribeTime": 0,
    "edited": "0",
    "drawn": "0",
    "moved": "0",
    "deleted": "0",
    "copied": "0",
    "coord": [
      1672.76,
      942.4000000000001,
      432.9150000000001,
      809.875,
      50.06499999999999,
      845.215,
      79.515,
      1042.53,
      415.24500000000006,
      1036.64,
      915.8949999999999,
      1045.4750000000001,
      1257.515,
      1130.8799999999999,
      1605.025,
      1095.5399999999997,
      1605.025,
      1095.5399999999997
    ],
    "text": "\u0641\u0645\u0627 \u064a\u0645\u064a\u0651\u0632\u0647\u0627 \u0647\u0648 \u0627\u0646\u0641\u062a\u0627\u062d\u064f\u0647\u0627 \u0639\u0644\u0649",
    "tags": {
      "Region_paragraph": 0,
      "Region_heading": 0,
      "Region_logo": 0,
      "Region_letterhead": 0,
      "Region_floating": 0,
      "Region_pageNo": 0,
      "Region_signature": 0,
      "Region_graphic": 0,
      "Region_decoration": 0,
      "Region_noise": 0,
      "Region_separator": 0,
      "Region_linedrawing": 0,
      "Region_stamp": 0,
      "Archivist_Tag": 0,
      "Crossed_out": 0,
      "Printed_Regular": 0,
      "Printed_Italics": 0,
      "Printed_Bold": 0,
      "Orient_top_bottom": 0,
      "Orient_bottom_top": 0
    }
  },
  "line_7": {
    "annotateTime": 0,
    "transcribeTime": 0,
    "edited": "0",
    "drawn": "0",
    "moved": "0",
    "deleted": "0",
    "copied": "0",