{
  "imageFileName": "/static/datasets/tagged/batch_04_submitted/Nasrallah-Al001-010j.jpg",
  "modified": "0",
  "status": "notdone",
  "writer": "",
  "comment": "",
  "time": 35,
  "line_1": {
    "annotateTime": 0,
    "transcribeTime": 0,
    "edited": "0",
    "drawn": "0",
    "moved": "0",
    "deleted": "0",
    "copied": "0",
    "coord": [
      1546.6733333333339,
      29.51666666666667,
      1732.6283333333333,
      50.17833333333334,
      1682.4500000000005,
      206.61666666666673,
      1520.1083333333336,
      180.05166666666665,
      1520.1083333333336,
      180.05166666666665
    ],
    "text": "10",
    "tags": {
      "Region_paragraph": 0,
      "Region_heading": 0,
      "Region_logo": 0,
      "Region_letterhead": 0,
      "Region_floating": 0,
      "Region_pageNo": 1,
      "Region_signature": 0,
      "Region_graphic": 0,
      "Region_decoration": 0,
      "Region_noise": 0,
      "Region_separator": 0,
      "Region_linedrawing": 0,
      "Region_stamp": 0,
      "Archivist_Tag": 0,
      "Crossed_out": 0,
      "Printed_Regular": 0,
      "Printed_Italics": 0,
      "Printed_Bold": 0,
      "Orient_top_bottom": 0,
      "Orient_bottom_top": 0
    }
  },
  "line_2": {
    "annotateTime": 0,
    "transcribeTime": 0,
    "edited": "0",
    "drawn": "0",
    "moved": "0",
    "deleted": "0",
    "copied": "0",
    "coord": [
      1514.2050000000006,
      212.52,
      44.275000000000006,
      56.08166666666667,
      41.32333333333332,
      239.08499999999995,
      268.6016666666667,
      318.7800000000001,
      593.285,
      318.7800000000001,
      1053.745,
      383.71666666666675,
      1399.09,
      357.1516666666667,
      1399.09,
      357.1516666666667
    ],
    "text": "\u0645\u0639 \u0627\u062d\u062a\u0631\u0627\u0645\u064a \u0644\u062a\u0644\u0643 \u0627\u0644\u0645\u0624\u0633\u0633\u0627\u062a",
    "tags": {
      "Region_paragraph": 0,
      "Region_heading": 0,
      "Region_logo": 0,
      "Region_letterhead": 0,
      "Region_floating": 0,
      "Region_pageNo": 0,
      "Region_signature": 0,
      "Region_graphic": 0,
      "Region_decoration": 0,
      "Region_noise": 0,
      "Region_separator": 0,
      "Region_linedrawing": 0,
      "Region_stamp": 0,
      "Archivist_Tag": 0,
      "Crossed_out": 0,
      "Printed_Regular": 0,
      "Printed_Italics": 0,
      "Printed_Bold": 0,
      "Orient_top_bottom": 0,
      "Orient_bottom_top": 0
    }
  },
  "line_3": {
    "annotateTime": 0,
    "transcribeTime": 0,
    "edited": "0",
    "drawn": "0",
    "moved": "0",
    "deleted": "0",
    "copied": "0",
    "coord": [
      1641.1266666666666,
      413.23333333333346,
      138.72833333333332,
      295.16666666666674,
      103.3083333333333,
      472.2666666666667,
      1576.1899999999996,
      590.3333333333335,
      1576.1899999999996,
      590.3333333333335
    ],
    "text": "\u0627\u0644\u0642\u0627\u0626\u0645\u0629 \u0639\u0644\u0649 \u0627\u0644\u062a\u0636\u062d\u064a\u0629 \u0648\u0625\u0646\u0643\u0627\u0631 ",
    "tags": {
      "Region_paragraph": 0,
      "Region_heading": 0,
      "Region_logo": 0,
      "Region_letterhead": 0,
      "Region_floating": 0,
      "Region_pageNo": 0,
      "Region_signature": 0,
      "Region_graphic": 0,
      "Region_decoration": 0,
      "Region_noise": 0,
      "Region_separator": 0,
      "Region_linedrawing": 0,
      "Region_stamp": 0,
      "Archivist_Tag": 0,
      "Crossed_out": 0,
      "Printed_Regular": 0,
      "Printed_Italics": 0,
      "Printed_Bold": 0,
      "Orient_top_bottom": 0,
      "Orient_bottom_top": 0
    }
  },
  "line_4": {
    "annotateTime": 0,
    "transcribeTime": 0,
    "edited": "0",
    "drawn": "0",
    "moved": "0",
    "deleted": "0",
    "copied": "0",
    "coord": [
      909.1133333333331,
      531.3000000000001,
      1593.9,
      596.2366666666667,
      1531.915,
      782.1916666666667,
      888.4516666666666,
      690.69,
      888.4516666666666,
      690.69
    ],
    "text": "\u0627\u0644\u0630\u0627\u062a,",
    "tags": {
      "Region_paragraph": 0,
      "Region_heading": 0,
      "Region_logo": 0,
      "Region_letterhead": 0,
      "Region_floating": 0,
      "Region_pageNo": 0,
      "Region_signature": 0,
      "Region_graphic": 0,
      "Region_decoration": 0,
      "Region_noise": 0,
      "Region_separator": 0,
      "Region_linedrawing": 0,
      "Region_stamp": 0,
      "Archivist_Tag": 0,
      "Crossed_out": 0,
      "Printed_Regular": 0,
      "Printed_Italics": 0,
      "Printed_Bold": 0,
      "Orient_top_bottom": 0,
      "Orient_bottom_top": 0
    }
  },
  "line_5": {
    "annotateTime": 0,
    "transcribeTime": 0,
    "edited": "0",
    "drawn": "0",
    "moved": "0",
    "deleted": "0",
    "copied": "0",
    "coord": [
      1260.3616666666667,
      894.3550000000002,
      121.01833333333332,
      779.24,
      100.3566666666667,
      962.2433333333333,
      1207.2316666666666,
      1068.5033333333333,
      1207.2316666666666,
      1068.5033333333333
    ],
    "text": "\u0644\u0642\u062f \u0634\u0627\u0621\u062a \u0647\u0630\u0647",
    "tags": {
      "Region_paragraph": 0,
      "Region_heading": 0,
      "Region_logo": 0,
      "Region_letterhead": 0,
      "Region_floating": 0,
      "Region_pageNo": 0,
      "Region_signature": 0,
      "Region_graphic": 0,
      "Region_decoration": 0,
      "Region_noise": 0,
      "Region_separator": 0,
      "Region_linedrawing": 0,
      "Region_stamp": 0,
      "Archivist_Tag": 0,
      "Crossed_out": 0,
      "Printed_Regular": 0,
      "Printed_Italics": 0,
      "Printed_Bold": 0,
      "Orient_top_bottom": 0,
      "Orient_bottom_top": 0
    }
  },
  "line_6": {
    "annotateTime": 0,
    "transcribeTime": 0,
    "edited": "0",
    "drawn": "0",
    "moved": "0",
    "deleted": "0",
    "copied": "0",
    "coord": [
      1667.6916666666673,
      1109.8266666666668,
      162.34166666666667,
      974.0500000000003,
      188.90666666666664,
      1157.0533333333333,
      360.10333333333335,
      1186.5700000000002,
      366.00666666666666,
      1210.1833333333334,
      489.97666666666674,
      1201.3283333333336,
      693.6416666666665,
      1245.6033333333335,
      1614.5616666666663,
      1275.1200000000003,
      1614.5616666666663,
      1275.1200000000003
    ],
    "text": "\u0627\u0644\u0645\u0624\u0633\u0633\u0629 \u0627\u0646 \u062a\u062e\u062f\u0645\u064e \u0627\u0644\u0645\u0631\u0623\u0629",
    "tags": {
      "Region_paragraph": 0,
      "Region_heading": 0,
      "Region_logo": 0,
      "Region_letterhead": 0,
      "Region_floating": 0,
      "Region_pageNo": 0,
      "Region_signature": 0,
      "Region_graphic": 0,
      "Region_decoration": 0,
      "Region_noise": 0,
      "Region_separator": 0,
      "Region_linedrawing": 0,
      "Region_stamp": 0,
      "Archivist_Tag": 0,
      "Crossed_out": 0,
      "Printed_Regular": 0,
      "Printed_Italics": 0,
      "Printed_Bold": 0,
      "Orient_top_bottom": 0,
      "Orient_bottom_top": 0
    }
  },
  "line_7": {
    "annotateTime": 0,
    "transcribeTime": 0,
    "edited": "0",
    "drawn": "0",
    "moved": "0",
    "deleted": "0",
    "copied": "0",
    "coord": [
      1673.595,
      1331.2016666666668,
      351.24833333333333,
      1204.2799999999997,
      327.635,
      1174.7633333333333,
      17.71,
      1121.6333333333334,
      14.758333333333333,
      1325.2983333333334,
      723.1583333333334,
      1434.5099999999998,
      853.0316666666669,
      1410.8966666666672,
      1626.368333333333,
      1502.3983333333342,
      1626.368333333333,
      1502.3983333333342
    ],
    "text": "\u0628\u0623\u0633\u0644\u0648\u0628\u064d \u0645\u062e\u062a\u0644\u0641\u064d \u062d\u064a\u0646 \u0623\u0639\u0637\u062a\u0652\u0647\u0627",
    "tags": {
      "Region_paragraph": 0,
      "Region_heading": 0,
      "Region_logo": 0,
      "Region_letterhead": 0,
      "Region_floating": 0,