{
  "imageFileName": "/static/datasets/tagged/batch_04_submitted/Nasrallah-Al001-010m.jpg",
  "modified": "0",
  "status": "notdone",
  "writer": "",
  "comment": "",
  "time": 3,
  "line_1": {
    "annotateTime": 1,
    "transcribeTime": 0,
    "edited": "0",
    "drawn": "0",
    "moved": "0",
    "deleted": "0",
    "copied": "0",
    "coord": [
      1490.5800000000002,
      61.74,
      1517.0399999999997,
      232.26000000000002,
      1681.6799999999998,
      191.1,
      1669.9200000000003,
      52.919999999999995,
      1496.4600000000003,
      55.86,
      1496.4600000000003,
      55.86
    ],
    "text": "13",
    "tags": {
      "Region_paragraph": 0,
      "Region_heading": 0,
      "Region_logo": 0,
      "Region_letterhead": 0,
      "Region_floating": 0,
      "Region_pageNo": 1,
      "Region_signature": 0,
      "Region_graphic": 0,
      "Region_decoration": 0,
      "Region_noise": 0,
      "Region_separator": 0,
      "Region_linedrawing": 0,
      "Region_stamp": 0,
      "Archivist_Tag": 0,
      "Crossed_out": 0,
      "Printed_Regular": 0,
      "Printed_Italics": 0,
      "Printed_Bold": 0,
      "Orient_top_bottom": 0,
      "Orient_bottom_top": 0
    }
  },
  "line_2": {
    "annotateTime": 0,
    "transcribeTime": 0,
    "edited": "0",
    "drawn": "0",
    "moved": "0",
    "deleted": "0",
    "copied": "0",
    "coord": [
      1425.9,
      223.44,
      1437.6600000000003,
      358.68,
      49.98,
      296.94,
      32.34,
      167.57999999999998,
      485.1000000000001,
      129.35999999999999,
      1437.6600000000003,
      208.74000000000004,
      1437.6600000000003,
      208.74000000000004
    ],
    "text": "\u0648\u0627\u0631\u062a\u0642\u0627\u0621 \u060c \u0641\u0643\u0627\u0646\u062a \u0647\u0630\u0647 ",
    "tags": {
      "Region_paragraph": 0,
      "Region_heading": 0,
      "Region_logo": 0,
      "Region_letterhead": 0,
      "Region_floating": 0,
      "Region_pageNo": 0,
      "Region_signature": 0,
      "Region_graphic": 0,
      "Region_decoration": 0,
      "Region_noise": 0,
      "Region_separator": 0,
      "Region_linedrawing": 0,
      "Region_stamp": 0,
      "Archivist_Tag": 0,
      "Crossed_out": 0,
      "Printed_Regular": 0,
      "Printed_Italics": 0,
      "Printed_Bold": 0,
      "Orient_top_bottom": 0,
      "Orient_bottom_top": 0
    }
  },
  "line_3": {
    "annotateTime": 0,
    "transcribeTime": 0,
    "edited": "0",
    "drawn": "0",
    "moved": "0",
    "deleted": "0",
    "copied": "0",
    "coord": [
      1614.0600000000002,
      458.64,
      1614.0600000000002,
      623.28,
      893.76,
      579.18,
      779.1,
      590.9399999999999,
      11.760000000000002,
      505.67999999999995,
      5.880000000000001,
      311.64,
      5.880000000000001,
      288.12,
      88.2,
      294,
      858.48,
      352.80000000000007,
      1608.1799999999998,
      443.94,
      1608.1799999999998,
      443.94
    ],
    "text": "\u0627\u0644\u062f\u0639\u0648\u0647 \u0644\u062a\u0643\u0631\u064a\u0645 \u0633\u064a\u0651\u062f\u0627\u062a \u0627\u0644\u0642\u064a\u0627\u062f\u0629",
    "tags": {
      "Region_paragraph": 0,
      "Region_heading": 0,
      "Region_logo": 0,
      "Region_letterhead": 0,
      "Region_floating": 0,
      "Region_pageNo": 0,
      "Region_signature": 0,
      "Region_graphic": 0,
      "Region_decoration": 0,
      "Region_noise": 0,
      "Region_separator": 0,
      "Region_linedrawing": 0,
      "Region_stamp": 0,
      "Archivist_Tag": 0,
      "Crossed_out": 0,
      "Printed_Regular": 0,
      "Printed_Italics": 0,
      "Printed_Bold": 0,
      "Orient_top_bottom": 0,
      "Orient_bottom_top": 0
    }
  },
  "line_4": {
    "annotateTime": 0,
    "transcribeTime": 0,
    "edited": "0",
    "drawn": "0",
    "moved": "0",
    "deleted": "0",
    "copied": "0",
    "coord": [
      1605.24,
      664.44,
      1599.36,
      779.1,
      702.66,
      746.76,
      8.82,
      743.8199999999999,
      8.82,
      596.8199999999999,
      170.52000000000004,
      517.4399999999999,
      849.6600000000001,
      588,
      1602.3,
      667.38,
      1602.3,
      667.38
    ],
    "text": "\u0648\u0642\u062f \u062a\u0628\u0627\u062f\u0644\u0646 \u0631\u0626\u0627\u0633\u062a\u0647\u0627 \u0639\u0628\u0631",
    "tags": {
      "Region_paragraph": 0,
      "Region_heading": 0,
      "Region_logo": 0,
      "Region_letterhead": 0,
      "Region_floating": 0,
      "Region_pageNo": 0,
      "Region_signature": 0,
      "Region_graphic": 0,
      "Region_decoration": 0,
      "Region_noise": 0,
      "Region_separator": 0,
      "Region_linedrawing": 0,
      "Region_stamp": 0,
      "Archivist_Tag": 0,
      "Crossed_out": 0,
      "Printed_Regular": 0,
      "Printed_Italics": 0,
      "Printed_Bold": 0,
      "Orient_top_bottom": 0,
      "Orient_bottom_top": 0
    }
  },
  "line_5": {
    "annotateTime": 0,
    "transcribeTime": 0,
    "edited": "0",
    "drawn": "0",
    "moved": "0",
    "deleted": "0",
    "copied": "0",
    "coord": [
      1614.0600000000002,
      826.1400000000001,
      1602.3,
      964.3199999999999,
      755.5800000000002,
      946.68,
      449.82,
      884.9399999999998,
      97.02000000000001,
      884.9399999999998,
      147,
      714.4199999999998,
      317.52,
      737.94,
      367.5,
      732.0600000000001,
      1146.6,
      784.9800000000001,
      1625.8200000000002,
      832.02,
      1625.8200000000002,
      832.02
    ],
    "text": "\u0627\u0644\u0633\u0646\u064a\u0646\u060c \u0648\u0627\u0644\u0625\u0631\u062a\u0642\u0627\u0621 \u0628\u0647\u0627 \u0627\u0644\u0649",
    "tags": {
      "Region_paragraph": 0,
      "Region_heading": 0,
      "Region_logo": 0,
      "Region_letterhead": 0,
      "Region_floating": 0,
      "Region_pageNo": 0,
      "Region_signature": 0,
      "Region_graphic": 0,
      "Region_decoration": 0,
      "Region_noise": 0,
      "Region_separator": 0,
      "Region_linedrawing": 0,
      "Region_stamp": 0,
      "Archivist_Tag": 0,
      "Crossed_out": 0,
      "Printed_Regular": 0,
      "Printed_Italics": 0,
      "Printed_Bold": 0,
      "Orient_top_bottom": 0,
      "Orient_bottom_top": 0
    }
  },
  "line_6": {
    "annotateTime": 0,
    "transcribeTime": 0,
    "edited": "0",
    "drawn": "0",
    "moved": "0",
    "deleted": "0",
    "copied": "0",
    "coord": [
      1661.1,
      1026.0599999999997,
      1664.04,
      1181.8799999999999,
      1128.96,
      1152.48,
      302.82,
      1067.22,
      99.96,
      1011.3599999999999,
      117.60000000000001,
      890.82,
      632.1,
      917.28,
      1361.22,
      987.84,
      1664.04,
      1034.8799999999999,
      1664.04,
      1034.8799999999999
    ],
    "text": "\u062d\u064a\u062b \u0647\u064a \u0627\u0644\u064a\u0648\u0645 \u060c \u0645\u0646\u0627\u0631\u0629 \u060c",
    "tags": {
      "Region_paragraph": 0,
      "Region_heading": 0,
      "Region_logo": 0,
      "Region_letterhead": 0,
      "Region_floating": 0,
      "Region_pageNo": 0,
      "Region_signature": 0,
      "Region_graphic": 0,
      "Region_decoration": 0,
      "Region_noise": 0,
      "Region_separator": 0,
      "Region_linedrawing": 0,
      "Region_stamp": 0,
      "Archivist_Tag": 0,
      "Crossed_out": 0,
      "Printed_Regular": 0,
      "Printed_Italics": 0,
      "Printed_Bold": 0,
      "Orient_top_bottom": 0,
      "Orient_bottom_top": 0
    }
  },
  "line_7": {
    "annotateTime": 0,
    "transcribeTime": 0,
    "edited": "0",
    "drawn": "0",
    "moved": "0",
    "deleted": "0",
    "copied": "0",
    "coord": [
      1672.86,
      1211.28,
      1599.36,
      1405.32,
      102.9,
      1225.98,
      58.800000000000004,
      1149.5400000000002,
      108.78,
      1029,
      1584.6600000000003,
      1208.3400000000001,
      1684.62,
      1223.04,
      1684.62,
      1223.04
    ],