{
  "imageFileName": "/static/datasets/moa/Nasrallah-Al001-010a.jpg",
  "modified": "0",
  "status": "notdone",
  "writer": "",
  "comment": "",
  "time": 2,
  "line_1": {
    "annotateTime": 0,
    "transcribeTime": 0,
    "edited": "0",
    "drawn": "0",
    "moved": "0",
    "deleted": "0",
    "copied": "0",
    "coord": [
      582.6666666666664,
      227.23999999999995,
      568.1,
      402.03999999999996,
      684.6333333333331,
      422.43333333333334,
      766.2066666666667,
      358.34000000000003,
      1299.3466666666666,
      416.6066666666669,
      1369.2666666666662,
      233.06666666666666,
      1083.76,
      209.76,
      949.7466666666663,
      215.58666666666664,
      894.3933333333334,
      177.71333333333334,
      874,
      119.44666666666663,
      804.08,
      168.9733333333333,
      629.28,
      209.76,
      629.28,
      209.76
    ],
    "text": "\u0623\u064a\u0647\u0627 \u0627\u0644\u062d\u0641\u0644 \u0627\u0644\u0643\u0631\u064a\u0645",
    "tags": {
      "Region_paragraph": 0,
      "Region_heading": 0,
      "Region_logo": 0,
      "Region_letterhead": 0,
      "Region_floating": 0,
      "Region_pageNo": 0,
      "Region_signature": 0,
      "Region_graphic": 0,
      "Region_decoration": 0,
      "Region_noise": 0,
      "Region_separator": 0,
      "Region_linedrawing": 0,
      "Region_stamp": 0,
      "Archivist_Tag": 0,
      "Crossed_out": 0,
      "Printed_Regular": 0,
      "Printed_Italics": 0,
      "Printed_Bold": 0,
      "Orient_top_bottom": 0,
      "Orient_bottom_top": 0
    }
  },
  "line_2": {
    "annotateTime": 0,
    "transcribeTime": 0,
    "edited": "0",
    "drawn": "0",
    "moved": "0",
    "deleted": "0",
    "copied": "0",
    "coord": [
      1305.1733333333336,
      731.2466666666667,
      1290.6066666666668,
      533.14,
      87.4,
      343.7733333333333,
      78.66,
      562.2733333333333,
      1299.3466666666666,
      737.0733333333335,
      1299.3466666666666,
      737.0733333333335
    ],
    "text": "\u0623\u0648\u0644\u0627\u064b\u060c \u0623\u0648\u062f\u0651 \u0627\u0646 \u0623\u0634\u0643\u0631",
    "tags": {
      "Region_paragraph": 0,
      "Region_heading": 0,
      "Region_logo": 0,
      "Region_letterhead": 0,
      "Region_floating": 0,
      "Region_pageNo": 0,
      "Region_signature": 0,
      "Region_graphic": 0,
      "Region_decoration": 0,
      "Region_noise": 0,
      "Region_separator": 0,
      "Region_linedrawing": 0,
      "Region_stamp": 0,
      "Archivist_Tag": 0,
      "Crossed_out": 0,
      "Printed_Regular": 0,
      "Printed_Italics": 0,
      "Printed_Bold": 0,
      "Orient_top_bottom": 0,
      "Orient_bottom_top": 0
    }
  },
  "line_3": {
    "annotateTime": 0,
    "transcribeTime": 0,
    "edited": "0",
    "drawn": "0",
    "moved": "0",
    "deleted": "0",
    "copied": "0",
    "coord": [
      1669.34,
      824.4733333333332,
      1628.5533333333333,
      1025.4933333333333,
      20.393333333333338,
      792.4266666666666,
      0,
      617.6266666666667,
      17.48,
      544.7933333333333,
      1669.34,
      821.5599999999997,
      1669.34,
      821.5599999999997
    ],
    "text": "\u0627\u0644\u0625\u062a\u062d\u0627\u062f \u0627\u0644\u0648\u0637\u0646\u064a \u0644\u0644\u062c\u0645\u0639\u064a\u0629 \u0627\u0644\u0645\u0633\u064a\u062d\u064a\u0629 \u0644\u0644\u0634\u0627\u0628\u0627\u062a",
    "tags": {
      "Region_paragraph": 0,
      "Region_heading": 0,
      "Region_logo": 0,
      "Region_letterhead": 0,
      "Region_floating": 0,
      "Region_pageNo": 0,
      "Region_signature": 0,
      "Region_graphic": 0,
      "Region_decoration": 0,
      "Region_noise": 0,
      "Region_separator": 0,
      "Region_linedrawing": 0,
      "Region_stamp": 0,
      "Archivist_Tag": 0,
      "Crossed_out": 0,
      "Printed_Regular": 0,
      "Printed_Italics": 0,
      "Printed_Bold": 0,
      "Orient_top_bottom": 0,
      "Orient_bottom_top": 0
    }
  },
  "line_4": {
    "annotateTime": 0,
    "transcribeTime": 0,
    "edited": "0",
    "drawn": "0",
    "moved": "0",
    "deleted": "0",
    "copied": "0",
    "coord": [
      1625.64,
      1069.1933333333334,
      1605.246666666667,
      1200.2933333333333,
      230.15333333333328,
      1042.9733333333336,
      244.72000000000003,
      914.7866666666667,
      675.893333333333,
      865.2599999999998,
      1593.5933333333326,
      1013.8399999999997,
      1631.4666666666665,
      1075.02,
      1631.4666666666665,
      1075.02
    ],
    "text": "\u0641\u064a \u0644\u0628\u0646\u0627\u0646\u060c \u0648\u0641\u064a \u0634\u062e\u0635 ",
    "tags": {
      "Region_paragraph": 0,
      "Region_heading": 0,
      "Region_logo": 0,
      "Region_letterhead": 0,
      "Region_floating": 0,
      "Region_pageNo": 0,
      "Region_signature": 0,
      "Region_graphic": 0,
      "Region_decoration": 0,
      "Region_noise": 0,
      "Region_separator": 0,
      "Region_linedrawing": 0,
      "Region_stamp": 0,
      "Archivist_Tag": 0,
      "Crossed_out": 0,
      "Printed_Regular": 0,
      "Printed_Italics": 0,
      "Printed_Bold": 0,
      "Orient_top_bottom": 0,
      "Orient_bottom_top": 0
    }
  },
  "line_5": {
    "annotateTime": 0,
    "transcribeTime": 0,
    "edited": "0",
    "drawn": "0",
    "moved": "0",
    "deleted": "0",
    "copied": "0",
    "coord": [
      1619.813333333333,
      1249.82,
      1587.7666666666662,
      1404.226666666667,
      620.54,
      1308.0866666666666,
      562.2733333333333,
      1343.0466666666666,
      14.56666666666667,
      1267.2999999999997,
      0,
      1037.1466666666665,
      1142.0266666666664,
      1139.1133333333335,
      1494.5399999999997,
      1200.2933333333333,
      1625.64,
      1246.9066666666665,
      1625.64,
      1246.9066666666665
    ],
    "text": "\u0627\u0644\u0631\u0626\u064a\u0633\u0629 \u0622\u0645\u0627\u0644 \u0634\u0628\u064a\u0631\u060c \u0648\u0627\u0644\u0645\u062f\u064a\u0631\u0629",
    "tags": {
      "Region_paragraph": 0,
      "Region_heading": 0,
      "Region_logo": 0,
      "Region_letterhead": 0,
      "Region_floating": 0,
      "Region_pageNo": 0,
      "Region_signature": 0,
      "Region_graphic": 0,
      "Region_decoration": 0,
      "Region_noise": 0,
      "Region_separator": 0,
      "Region_linedrawing": 0,
      "Region_stamp": 0,
      "Archivist_Tag": 0,
      "Crossed_out": 0,
      "Printed_Regular": 0,
      "Printed_Italics": 0,
      "Printed_Bold": 0,
      "Orient_top_bottom": 0,
      "Orient_bottom_top": 0
    }
  },
  "line_6": {
    "annotateTime": 0,
    "transcribeTime": 0,
    "edited": "0",
    "drawn": "0",
    "moved": "0",
    "deleted": "0",
    "copied": "0",
    "coord": [
      1637.2933333333328,
      1433.3600000000001,
      1608.16,
      1608.1599999999999,
      87.4,
      1494.5399999999997,
      122.36000000000001,
      1328.4799999999996,
      483.61333333333334,
      1328.4799999999996,
      1063.3666666666666,
      1357.6133333333335,
      1497.4533333333331,
      1395.4866666666665,
      1643.1199999999997,
      1430.4466666666665,
      1643.1199999999997,
      1430.4466666666665
    ],
    "text": "\u0627\u0644\u0645\u0646\u0641\u0651\u0630\u0629 \u0645\u0646\u0649 \u0634\u0627\u0647\u064a\u0646 \u062e\u0648\u0644\u064a\u060c",
    "tags": {
      "Region_paragraph": 0,
      "Region_heading": 0,
      "Region_logo": 0,
      "Region_letterhead": 0,
      "Region_floating": 0,
      "Region_pageNo": 0,
      "Region_signature": 0,
      "Region_graphic": 0,
      "Region_decoration": 0,
      "Region_noise": 0,
      "Region_separator": 0,
      "Region_linedrawing": 0,
      "Region_stamp": 0,
      "Archivist_Tag": 0,
      "Crossed_out": 0,
      "Printed_Regular": 0,
      "Printed_Italics": 0,
      "Printed_Bold": 0,
      "Orient_top_bottom": 0,
      "Orient_bottom_top": 0
    }
  },
  "line_7": {
    "annotateTime": 0,
    "transcribeTime": 0,