{
  "imageFileName": "/static/datasets/tagged/batch_04_submitted/Nasrallah-Al001-010g.jpg",
  "modified": "0",
  "status": "notdone",
  "writer": "",
  "comment": "",
  "time": 3,
  "line_1": {
    "annotateTime": 1,
    "transcribeTime": 0,
    "edited": "0",
    "drawn": "0",
    "moved": "0",
    "deleted": "0",
    "copied": "0",
    "coord": [
      621.35,
      199.41,
      615.57,
      260.09999999999997,
      702.2700000000001,
      329.4599999999999,
      809.2,
      294.78000000000003,
      1017.2800000000001,
      294.78000000000003,
      1150.22,
      312.1200000000001,
      1262.93,
      300.56,
      1288.94,
      289,
      1390.0900000000004,
      300.56,
      1462.3400000000004,
      234.09,
      1436.33,
      179.17999999999998,
      1277.38,
      173.40000000000003,
      1196.46,
      193.63,
      1095.31,
      182.07000000000002,
      1057.74,
      164.72999999999996,
      976.8199999999999,
      147.39000000000001,
      890.1199999999999,
      112.70999999999998,
      814.9800000000004,
      161.84,
      728.2799999999999,
      115.6,
      653.1400000000001,
      164.72999999999996,
      653.1400000000001,
      164.72999999999996
    ],
    "text": "\u0627\u0644\u0649 \u0627\u0644\u0628\u0631\u0647\u0627\u0646 \u0627\u0644\u062d\u064a\u0651",
    "tags": {
      "Region_paragraph": 1,
      "Region_heading": 0,
      "Region_logo": 0,
      "Region_letterhead": 0,
      "Region_floating": 0,
      "Region_pageNo": 0,
      "Region_signature": 0,
      "Region_graphic": 0,
      "Region_decoration": 0,
      "Region_noise": 0,
      "Region_separator": 0,
      "Region_linedrawing": 0,
      "Region_stamp": 0,
      "Archivist_Tag": 0,
      "Crossed_out": 0,
      "Printed_Regular": 0,
      "Printed_Italics": 0,
      "Printed_Bold": 0,
      "Orient_top_bottom": 0,
      "Orient_bottom_top": 0
    }
  },
  "line_2": {
    "annotateTime": 0,
    "transcribeTime": 0,
    "edited": "0",
    "drawn": "0",
    "moved": "0",
    "deleted": "0",
    "copied": "0",
    "coord": [
      1551.9299999999998,
      28.9,
      1713.77,
      69.36,
      1629.9600000000007,
      173.40000000000003,
      1511.4699999999998,
      144.5,
      1511.4699999999998,
      144.5
    ],
    "text": "7",
    "tags": {
      "Region_paragraph": 0,
      "Region_heading": 0,
      "Region_logo": 0,
      "Region_letterhead": 0,
      "Region_floating": 0,
      "Region_pageNo": 1,
      "Region_signature": 0,
      "Region_graphic": 0,
      "Region_decoration": 0,
      "Region_noise": 0,
      "Region_separator": 0,
      "Region_linedrawing": 0,
      "Region_stamp": 0,
      "Archivist_Tag": 0,
      "Crossed_out": 0,
      "Printed_Regular": 0,
      "Printed_Italics": 0,
      "Printed_Bold": 0,
      "Orient_top_bottom": 0,
      "Orient_bottom_top": 0
    }
  },
  "line_3": {
    "annotateTime": 0,
    "transcribeTime": 0,
    "edited": "0",
    "drawn": "0",
    "moved": "0",
    "deleted": "0",
    "copied": "0",
    "coord": [
      1288.94,
      485.52,
      231.20000000000002,
      378.5899999999999,
      164.73,
      557.7700000000001,
      734.06,
      653.14,
      1274.49,
      621.35,
      1274.49,
      621.35
    ],
    "text": "\u0644\u0642\u062f \u0646\u0634\u0623\u062a \u0641\u064a \u0644\u0628\u0646\u0627\u0646",
    "tags": {
      "Region_paragraph": 0,
      "Region_heading": 0,
      "Region_logo": 0,
      "Region_letterhead": 0,
      "Region_floating": 0,
      "Region_pageNo": 0,
      "Region_signature": 0,
      "Region_graphic": 0,
      "Region_decoration": 0,
      "Region_noise": 0,
      "Region_separator": 0,
      "Region_linedrawing": 0,
      "Region_stamp": 0,
      "Archivist_Tag": 0,
      "Crossed_out": 0,
      "Printed_Regular": 0,
      "Printed_Italics": 0,
      "Printed_Bold": 0,
      "Orient_top_bottom": 0,
      "Orient_bottom_top": 0
    }
  },
  "line_4": {
    "annotateTime": 0,
    "transcribeTime": 0,
    "edited": "0",
    "drawn": "0",
    "moved": "0",
    "deleted": "0",
    "copied": "0",
    "coord": [
      1647.2999999999995,
      664.6999999999999,
      11.559999999999999,
      601.12,
      40.459999999999994,
      760.0700000000002,
      1653.0799999999997,
      843.88,
      1653.0799999999997,
      843.88
    ],
    "text": "\u062c\u0645\u0639\u064a\u0627\u062a \u0645\u062a\u0639\u062f\u0651\u062f\u0629 \u0648\u0645\u0646\u0648\u0651\u0639\u0629.",
    "tags": {
      "Region_paragraph": 0,
      "Region_heading": 0,
      "Region_logo": 0,
      "Region_letterhead": 0,
      "Region_floating": 0,
      "Region_pageNo": 0,
      "Region_signature": 0,
      "Region_graphic": 0,
      "Region_decoration": 0,
      "Region_noise": 0,
      "Region_separator": 0,
      "Region_linedrawing": 0,
      "Region_stamp": 0,
      "Archivist_Tag": 0,
      "Crossed_out": 0,
      "Printed_Regular": 0,
      "Printed_Italics": 0,
      "Printed_Bold": 0,
      "Orient_top_bottom": 0,
      "Orient_bottom_top": 0
    }
  },
  "line_5": {
    "annotateTime": 0,
    "transcribeTime": 0,
    "edited": "0",
    "drawn": "0",
    "moved": "0",
    "deleted": "0",
    "copied": "0",
    "coord": [
      1653.0799999999997,
      849.66,
      2.8899999999999997,
      757.1799999999998,
      0,
      945.0300000000001,
      1635.74,
      1031.73,
      1635.74,
      1031.73
    ],
    "text": "\u0648\u0628\u0641\u0636\u0644\u0647\u0627 \u0643\u0627\u0646\u062a \u0627\u0644\u0646\u0647\u0636\u0629 \u0627\u0644\u0625\u062c\u062a\u0645\u0627\u0639\u064a\u0629",
    "tags": {
      "Region_paragraph": 0,
      "Region_heading": 0,
      "Region_logo": 0,
      "Region_letterhead": 0,
      "Region_floating": 0,
      "Region_pageNo": 0,
      "Region_signature": 0,
      "Region_graphic": 0,
      "Region_decoration": 0,
      "Region_noise": 0,
      "Region_separator": 0,
      "Region_linedrawing": 0,
      "Region_stamp": 0,
      "Archivist_Tag": 0,
      "Crossed_out": 0,
      "Printed_Regular": 0,
      "Printed_Italics": 0,
      "Printed_Bold": 0,
      "Orient_top_bottom": 0,
      "Orient_bottom_top": 0
    }
  },
  "line_6": {
    "annotateTime": 0,
    "transcribeTime": 0,
    "edited": "0",
    "drawn": "0",
    "moved": "0",
    "deleted": "0",
    "copied": "0",
    "coord": [
      1632.85,
      1043.29,
      86.7,
      988.3799999999999,
      80.91999999999999,
      1150.22,
      1615.51,
      1216.69,
      1615.51,
      1216.69
    ],
    "text": "\u0627\u0644\u062a\u064a \u0642\u062f\u0651\u0645\u062a\u0652 \u062e\u062f\u0645\u0627\u062a\u0647\u0627 \u0639\u0644\u0649",
    "tags": {
      "Region_paragraph": 0,
      "Region_heading": 0,
      "Region_logo": 0,
      "Region_letterhead": 0,
      "Region_floating": 0,
      "Region_pageNo": 0,
      "Region_signature": 0,
      "Region_graphic": 0,
      "Region_decoration": 0,
      "Region_noise": 0,
      "Region_separator": 0,
      "Region_linedrawing": 0,
      "Region_stamp": 0,
      "Archivist_Tag": 0,
      "Crossed_out": 0,
      "Printed_Regular": 0,
      "Printed_Italics": 0,
      "Printed_Bold": 0,
      "Orient_top_bottom": 0,
      "Orient_bottom_top": 0
    }
  },
  "line_7": {
    "annotateTime": 0,
    "transcribeTime": 0,
    "edited": "0",
    "drawn": "0",
    "moved": "0",
    "deleted": "0",
    "copied": "0",
    "coord": [
      1670.4200000000005,
      1271.6,
      1430.55,
      1213.8,
      11.559999999999999,
      1156,
      5.779999999999999,
      1361.1899999999998,
      1684.869999999999,
      1410.32,
      1684.869999999999,
      1410.32
    ],
    "text": "\u0634\u062a\u0651\u0649 \u0627\u0644\u0635\u0639\u064f\u062f. \u0648\u0643\u0646\u062a \u0623\u0631\u0627\u0641\u0642\u0647\u0627",
    "tags": {
      "Region_paragraph": 0,
      "Region_heading": 0,
      "Region_logo": 0,
      "Region_letterhead": 0,
      "Region_floating": 0,
      "Region_pageNo": 0,
      "Region_signature": 0,