{
  "imageFileName": "/static/datasets/tagged/batch_04_submitted/Nasrallah-Al001-010l.jpg",
  "modified": "0",
  "status": "notdone",
  "writer": "",
  "comment": "",
  "time": 3,
  "line_1": {
    "annotateTime": 1,
    "transcribeTime": 0,
    "edited": "0",
    "drawn": "0",
    "moved": "0",
    "deleted": "0",
    "copied": "0",
    "coord": [
      1541.4300000000003,
      71.28,
      1541.4300000000003,
      219.77999999999997,
      1710.72,
      204.93,
      1719.63,
      41.58,
      1562.2200000000003,
      56.42999999999999,
      1562.2200000000003,
      56.42999999999999
    ],
    "text": "12",
    "tags": {
      "Region_paragraph": 0,
      "Region_heading": 0,
      "Region_logo": 0,
      "Region_letterhead": 0,
      "Region_floating": 0,
      "Region_pageNo": 1,
      "Region_signature": 0,
      "Region_graphic": 0,
      "Region_decoration": 0,
      "Region_noise": 0,
      "Region_separator": 0,
      "Region_linedrawing": 0,
      "Region_stamp": 0,
      "Archivist_Tag": 0,
      "Crossed_out": 0,
      "Printed_Regular": 0,
      "Printed_Italics": 0,
      "Printed_Bold": 0,
      "Orient_top_bottom": 0,
      "Orient_bottom_top": 0
    }
  },
  "line_2": {
    "annotateTime": 0,
    "transcribeTime": 0,
    "edited": "0",
    "drawn": "0",
    "moved": "0",
    "deleted": "0",
    "copied": "0",
    "coord": [
      1499.85,
      261.36000000000007,
      1479.0599999999997,
      409.86,
      487.0800000000001,
      365.30999999999995,
      98.00999999999999,
      353.43,
      53.46,
      368.2799999999999,
      23.76,
      374.2200000000001,
      44.55,
      136.61999999999998,
      1502.8199999999997,
      243.54000000000002,
      1502.8199999999997,
      243.54000000000002
    ],
    "text": "\u0627\u0644\u0639\u0627\u0645\u0629 \u0641\u064a \u0647\u0630\u0647 \u0627\u0644\u0645\u0646\u0637\u0642\u0629\u0650",
    "tags": {
      "Region_paragraph": 0,
      "Region_heading": 0,
      "Region_logo": 0,
      "Region_letterhead": 0,
      "Region_floating": 0,
      "Region_pageNo": 0,
      "Region_signature": 0,
      "Region_graphic": 0,
      "Region_decoration": 0,
      "Region_noise": 0,
      "Region_separator": 0,
      "Region_linedrawing": 0,
      "Region_stamp": 0,
      "Archivist_Tag": 0,
      "Crossed_out": 0,
      "Printed_Regular": 0,
      "Printed_Italics": 0,
      "Printed_Bold": 0,
      "Orient_top_bottom": 0,
      "Orient_bottom_top": 0
    }
  },
  "line_3": {
    "annotateTime": 0,
    "transcribeTime": 0,
    "edited": "0",
    "drawn": "0",
    "moved": "0",
    "deleted": "0",
    "copied": "0",
    "coord": [
      1597.86,
      493.02000000000004,
      1568.1599999999999,
      605.8800000000001,
      1241.46,
      588.0600000000001,
      1190.97,
      626.6700000000001,
      1167.21,
      591.03,
      35.64,
      522.7200000000001,
      59.4,
      374.2200000000001,
      148.5,
      341.55,
      1033.56,
      395.01,
      1600.8299999999997,
      448.47,
      1600.8299999999997,
      487.08000000000004,
      1600.8299999999997,
      487.08000000000004
    ],
    "text": "\u0645\u0646 \u0627\u0644\u0639\u0627\u0644\u0645\u060c \u0645\u0645\u0651\u0627 \u0623\u0639\u0637\u0627\u0647\u0627 \u0641\u0631\u0635\u0629\u064e ",
    "tags": {
      "Region_paragraph": 0,
      "Region_heading": 0,
      "Region_logo": 0,
      "Region_letterhead": 0,
      "Region_floating": 0,
      "Region_pageNo": 0,
      "Region_signature": 0,
      "Region_graphic": 0,
      "Region_decoration": 0,
      "Region_noise": 0,
      "Region_separator": 0,
      "Region_linedrawing": 0,
      "Region_stamp": 0,
      "Archivist_Tag": 0,
      "Crossed_out": 0,
      "Printed_Regular": 0,
      "Printed_Italics": 0,
      "Printed_Bold": 0,
      "Orient_top_bottom": 0,
      "Orient_bottom_top": 0
    }
  },
  "line_4": {
    "annotateTime": 0,
    "transcribeTime": 0,
    "edited": "0",
    "drawn": "0",
    "moved": "0",
    "deleted": "0",
    "copied": "0",
    "coord": [
      1612.71,
      680.1300000000001,
      1580.04,
      804.87,
      932.5800000000002,
      822.6900000000002,
      807.8400000000001,
      784.08,
      8.91,
      748.4400000000002,
      11.88,
      567.27,
      68.31,
      546.4799999999999,
      816.75,
      591.03,
      1048.41,
      591.03,
      1214.73,
      653.4000000000001,
      1369.1700000000003,
      611.82,
      1490.9400000000003,
      632.61,
      1624.5900000000001,
      674.1900000000002,
      1624.5900000000001,
      674.1900000000002
    ],
    "text": "\u0627\u0644\u062a\u062c\u062f\u0651\u064f\u062f \u0627\u0644\u062f\u0627\u0626\u0645 \u0648\u0627\u0644\u0646\u0645\u0648\u0651 \u0627\u0644\u0645\u062a\u0648\u0627\u0635\u0644",
    "tags": {
      "Region_paragraph": 0,
      "Region_heading": 0,
      "Region_logo": 0,
      "Region_letterhead": 0,
      "Region_floating": 0,
      "Region_pageNo": 0,
      "Region_signature": 0,
      "Region_graphic": 0,
      "Region_decoration": 0,
      "Region_noise": 0,
      "Region_separator": 0,
      "Region_linedrawing": 0,
      "Region_stamp": 0,
      "Archivist_Tag": 0,
      "Crossed_out": 0,
      "Printed_Regular": 0,
      "Printed_Italics": 0,
      "Printed_Bold": 0,
      "Orient_top_bottom": 0,
      "Orient_bottom_top": 0
    }
  },
  "line_5": {
    "annotateTime": 0,
    "transcribeTime": 0,
    "edited": "0",
    "drawn": "0",
    "moved": "0",
    "deleted": "0",
    "copied": "0",
    "coord": [
      1666.1700000000003,
      876.15,
      1645.38,
      1063.2599999999998,
      1078.11,
      1012.77,
      504.9,
      959.3100000000002,
      332.63999999999993,
      935.55,
      190.08,
      888.0300000000001,
      169.29,
      792.9899999999999,
      347.49000000000007,
      760.3199999999999,
      876.15,
      792.9899999999999,
      977.1300000000002,
      837.5400000000002,
      1490.9400000000003,
      816.7500000000001,
      1675.0799999999997,
      885.06,
      1675.0799999999997,
      885.06
    ],
    "text": "\u0648\u0645\u0648\u0627\u0643\u0628\u0629 \u0639\u062c\u0644\u0627\u062a \u0627\u0644\u0632\u0645\u0646\u060c",
    "tags": {
      "Region_paragraph": 0,
      "Region_heading": 0,
      "Region_logo": 0,
      "Region_letterhead": 0,
      "Region_floating": 0,
      "Region_pageNo": 0,
      "Region_signature": 0,
      "Region_graphic": 0,
      "Region_decoration": 0,
      "Region_noise": 0,
      "Region_separator": 0,
      "Region_linedrawing": 0,
      "Region_stamp": 0,
      "Archivist_Tag": 0,
      "Crossed_out": 0,
      "Printed_Regular": 0,
      "Printed_Italics": 0,
      "Printed_Bold": 0,
      "Orient_top_bottom": 0,
      "Orient_bottom_top": 0
    }
  },
  "line_6": {
    "annotateTime": 0,
    "transcribeTime": 0,
    "edited": "0",
    "drawn": "0",
    "moved": "0",
    "deleted": "0",
    "copied": "0",
    "coord": [
      1663.2,
      1122.6599999999999,
      1624.5900000000001,
      1271.16,
      98.00999999999999,
      1081.08,
      100.98000000000002,
      941.4900000000001,
      294.03,
      908.8199999999999,
      424.7099999999999,
      974.1600000000001,
      585.09,
      932.5799999999999,
      1675.0799999999997,
      1131.57,
      1675.0799999999997,
      1131.57
    ],
    "text": "\u062e\u0635\u0648\u0635\u0627\u064b \u0648\u0623\u0646\u0646\u0627 \u0646\u0639\u064a\u0634 \u0641\u064a ",
    "tags": {
      "Region_paragraph": 0,
      "Region_heading": 0,
      "Region_logo": 0,
      "Region_letterhead": 0,
      "Region_floating": 0,
      "Region_pageNo": 0,
      "Region_signature": 0,
      "Region_graphic": 0,
      "Region_decoration": 0,
      "Region_noise": 0,
      "Region_separator": 0,
      "Region_linedrawing": 0,
      "Region_stamp": 0,
      "Archivist_Tag": 0,
      "Crossed_out": 0,
      "Printed_Regular": 0,
      "Printed_Italics": 0,
      "Printed_Bold": 0,
      "Orient_top_bottom": 0,